id,value
flare,
flare.analytics,
flare.analytics.cluster,
flare.analytics.cluster.AgglomerativeCluster,3938
flare.analytics.cluster.CommunityStructure,3938
flare.analytics.cluster.HierarchicalCluster,3938
flare.analytics.cluster.MergeEdge,3938
flare.analytics.cluster.MergeEdge,3938
flare.analytics.cluster.MergeEdge,3938
flare.analytics.cluster.MergeEdge,3938
flare.analytics.cluster.MergeEdge,3938
flare.analytics.cluster.MergeEdge,3938
flare.analytics.cluster.MergeEdge,3938
flare.analytics.cluster.MergeEdge,3938
flare.analytics.cluster.MergeEdge,3938
flare.analytics.cluster.MergeEdge,3938
flare.analytics.cluster.MergeEdge,3938
flare.analytics.cluster.MergeEdge,3938
flare.analytics.cluster.MergeEdge,3938
flare.analytics.cluster.MergeEdge,3938
flare.analytics.cluster.MergeEdge,3938
flare.analytics.cluster.MergeEdge,3938
flare.analytics.cluster.MergeEdge,3938
flare.analytics.cluster.MergeEdge,3938
flare.analytics.cluster.MergeEdge,3938
flare.analytics.cluster.MergeEdge,3938
flare.analytics.cluster.MergeEdge,3938
flare.analytics.cluster.MergeEdge,3938
flare.analytics.cluster.MergeEdge,3938
flare.analytics.cluster.MergeEdge,3938